"C17002_001E","C17002_001M","C17002_002E","C17002_002M","C17002_003E","C17002_003M","C17002_004E","C17002_004M","C17002_005E","C17002_005M","C17002_006E","C17002_006M","C17002_007E","C17002_007M","C17002_008E","C17002_008M","GEO_ID","NAME"
"Estimate!!Total:","Margin of Error!!Total:","Estimate!!Total:!!Under .50","Margin of Error!!Total:!!Under .50","Estimate!!Total:!!.50 to .99","Margin of Error!!Total:!!.50 to .99","Estimate!!Total:!!1.00 to 1.24","Margin of Error!!Total:!!1.00 to 1.24","Estimate!!Total:!!1.25 to 1.49","Margin of Error!!Total:!!1.25 to 1.49","Estimate!!Total:!!1.50 to 1.84","Margin of Error!!Total:!!1.50 to 1.84","Estimate!!Total:!!1.85 to 1.99","Margin of Error!!Total:!!1.85 to 1.99","Estimate!!Total:!!2.00 and over","Margin of Error!!Total:!!2.00 and over","id","Geographic Area Name"
"3297","21","175","95","90","55","118","98","81","62","107","62","39","40","2687","129","1400000US33001965100","Census Tract 9651, Belknap County, New Hampshire"
"3208","245","357","210","259","148","41","31","74","81","215","92","58","55","2204","248","1400000US33001965200","Census Tract 9652, Belknap County, New Hampshire"
"3172","245","90","55","130","119","36","34","125","114","213","193","9","15","2569","311","1400000US33001965300","Census Tract 9653, Belknap County, New Hampshire"
"2977","18","69","50","44","41","96","69","68","54","22","20","77","56","2601","125","1400000US33001965400","Census Tract 9654, Belknap County, New Hampshire"
"3278","105","100","73","174","93","98","102","112","72","380","217","194","160","2220","306","1400000US33001965598","Census Tract 9655.98, Belknap County, New Hampshire"
"3727","26","151","114","293","213","103","152","100","93","72","56","24","27","2984","252","1400000US33001965600","Census Tract 9656, Belknap County, New Hampshire"
"4659","45","128","84","106","64","184","180","31","24","317","204","11","17","3882","251","1400000US33001965700","Census Tract 9657, Belknap County, New Hampshire"
"7251","83","462","331","229","140","138","108","245","199","644","403","0","16","5533","497","1400000US33001965800","Census Tract 9658, Belknap County, New Hampshire"
"3963","252","133","86","512","275","140","123","366","217","229","107","62","51","2521","316","1400000US33001965900","Census Tract 9659, Belknap County, New Hampshire"
"5003","359","147","122","575","295","164","186","118","136","390","412","17","27","3592","620","1400000US33001966000","Census Tract 9660, Belknap County, New Hampshire"
"4130","344","140","106","124","70","339","208","118","88","77","40","240","144","3092","349","1400000US33001966100","Census Tract 9661, Belknap County, New Hampshire"
"2909","256","98","57","82","53","63","53","122","88","205","191","36","43","2303","294","1400000US33001966200","Census Tract 9662, Belknap County, New Hampshire"
"1213","164","22","19","40","22","6","9","13","15","35","26","9","19","1088","169","1400000US33001966401","Census Tract 9664.01, Belknap County, New Hampshire"
"5940","161","55","46","277","194","78","101","85","55","94","71","116","120","5235","272","1400000US33001966402","Census Tract 9664.02, Belknap County, New Hampshire"
"5298","19","16","27","108","98","176","257","91","129","95","94","172","120","4640","290","1400000US33001966500","Census Tract 9665, Belknap County, New Hampshire"
"3890","228","157","108","159","103","75","96","255","200","287","128","33","26","2924","303","1400000US33003955100","Census Tract 9551, Carroll County, New Hampshire"
"6136","431","466","388","333","178","221","148","76","86","321","209","232","288","4487","592","1400000US33003955300","Census Tract 9553, Carroll County, New Hampshire"
"4167","421","254","223","453","277","114","114","155","147","259","118","78","75","2854","465","1400000US33003955400","Census Tract 9554, Carroll County, New Hampshire"
"2789","82","97","108","130","75","108","91","28","25","131","82","72","60","2223","175","1400000US33003955500","Census Tract 9555, Carroll County, New Hampshire"
"5115","206","217","105","237","121","359","306","152","97","416","223","108","78","3626","404","1400000US33003955600","Census Tract 9556, Carroll County, New Hampshire"
"2979","197","101","56","145","63","201","127","52","39","170","64","77","92","2233","196","1400000US33003955800","Census Tract 9558, Carroll County, New Hampshire"
"4151","121","145","88","375","204","180","92","209","133","286","178","138","119","2818","273","1400000US33003955900","Census Tract 9559, Carroll County, New Hampshire"
"5842","193","174","119","163","137","131","144","204","150","429","312","97","72","4644","462","1400000US33003956000","Census Tract 9560, Carroll County, New Hampshire"
"6220","41","78","62","219","189","124","148","471","295","452","254","229","194","4647","454","1400000US33003956100","Census Tract 9561, Carroll County, New Hampshire"
"4059","53","149","83","91","68","109","152","241","170","75","46","0","11","3394","264","1400000US33003956300","Census Tract 9563, Carroll County, New Hampshire"
"2190","207","58","39","71","51","66","41","195","158","107","64","22","20","1671","245","1400000US33003956400","Census Tract 9564, Carroll County, New Hampshire"
"4198","205","285","125","146","46","249","111","146","75","184","69","90","69","3098","187","1400000US33005970100","Census Tract 9701, Cheshire County, New Hampshire"
"3936","20","60","59","104","66","32","25","35","24","134","109","87","93","3484","173","1400000US33005970200","Census Tract 9702, Cheshire County, New Hampshire"
"5162","213","231","122","135","47","76","31","188","64","127","45","111","48","4294","225","1400000US33005970400","Census Tract 9704, Cheshire County, New Hampshire"
"5217","45","77","64","341","178","250","177","200","151","146","108","97","92","4106","285","1400000US33005970500","Census Tract 9705, Cheshire County, New Hampshire"
"5030","236","44","35","319","225","117","132","189","161","306","168","208","196","3847","413","1400000US33005970600","Census Tract 9706, Cheshire County, New Hampshire"
"3423","221","64","38","125","88","187","117","114","71","243","125","144","147","2546","262","1400000US33005970700","Census Tract 9707, Cheshire County, New Hampshire"
"4393","225","117","86","246","116","248","143","150","87","347","169","71","53","3214","253","1400000US33005970800","Census Tract 9708, Cheshire County, New Hampshire"
"7185","33","148","100","183","186","231","146","300","227","368","226","92","71","5863","343","1400000US33005970900","Census Tract 9709, Cheshire County, New Hampshire"
"4966","291","44","53","126","90","87","68","191","146","209","135","34","55","4275","406","1400000US33005971000","Census Tract 9710, Cheshire County, New Hampshire"
"5029","403","391","217","389","220","326","171","195","116","494","193","165","208","3069","462","1400000US33005971100","Census Tract 9711, Cheshire County, New Hampshire"
"3127","257","250","104","142","67","142","91","133","78","118","70","109","114","2233","265","1400000US33005971300","Census Tract 9713, Cheshire County, New Hampshire"
"2733","273","371","143","375","146","128","80","54","45","188","136","40","39","1577","182","1400000US33005971401","Census Tract 9714.01, Cheshire County, New Hampshire"
"3874","221","114","74","286","132","158","118","45","40","135","112","35","42","3101","267","1400000US33005971402","Census Tract 9714.02, Cheshire County, New Hampshire"
"5148","339","78","50","6","8","71","78","150","215","204","137","21","22","4618","388","1400000US33005971500","Census Tract 9715, Cheshire County, New Hampshire"
"3898","25","110","115","327","196","26","33","174","122","121","79","84","57","3056","255","1400000US33005971600","Census Tract 9716, Cheshire County, New Hampshire"
"4083","154","200","112","575","350","117","92","320","251","275","156","41","38","2555","420","1400000US33005971700","Census Tract 9717, Cheshire County, New Hampshire"
"1921","178","29","18","179","95","135","68","50","30","159","46","51","35","1318","140","1400000US33007950100","Census Tract 9501, Coos County, New Hampshire"
"2541","135","86","51","217","121","113","51","112","61","376","130","90","50","1547","191","1400000US33007950200","Census Tract 9502, Coos County, New Hampshire"
"1880","119","58","33","132","59","30","15","146","84","209","62","16","12","1289","120","1400000US33007950300","Census Tract 9503, Coos County, New Hampshire"
"3522","216","229","94","296","82","205","87","150","72","314","131","82","40","2246","218","1400000US33007950400","Census Tract 9504, Coos County, New Hampshire"
"3156","83","60","40","181","111","62","53","256","274","64","46","201","177","2332","291","1400000US33007950500","Census Tract 9505, Coos County, New Hampshire"
"3052","269","334","124","518","195","164","114","134","140","205","119","121","73","1576","302","1400000US33007950600","Census Tract 9506, Coos County, New Hampshire"
"2888","241","50","41","193","79","267","155","237","232","208","124","34","25","1899","283","1400000US33007950700","Census Tract 9507, Coos County, New Hampshire"
"2284","280","141","137","288","176","306","195","102","87","232","115","84","63","1131","212","1400000US33007950800","Census Tract 9508, Coos County, New Hampshire"
"3028","72","59","27","77","47","59","47","113","72","94","55","5","7","2621","123","1400000US33007950900","Census Tract 9509, Coos County, New Hampshire"
"1998","196","80","66","56","65","23","13","55","28","189","99","84","45","1511","142","1400000US33007951000","Census Tract 9510, Coos County, New Hampshire"
"3108","206","188","118","224","96","134","77","106","64","269","117","138","105","2049","215","1400000US33007951100","Census Tract 9511, Coos County, New Hampshire"
"5915","17","731","404","463","234","352","256","166","123","89","78","368","337","3746","559","1400000US33009960100","Census Tract 9601, Grafton County, New Hampshire"
"4226","220","99","46","219","92","88","48","117","66","277","110","182","104","3244","219","1400000US33009960200","Census Tract 9602, Grafton County, New Hampshire"
"5023","251","188","62","226","81","151","47","378","133","255","74","344","141","3481","240","1400000US33009960300","Census Tract 9603, Grafton County, New Hampshire"
"3591","211","29","39","125","76","146","102","178","83","267","111","44","42","2802","232","1400000US33009960400","Census Tract 9604, Grafton County, New Hampshire"
"2310","243","71","37","73","34","240","117","102","108","258","88","23","17","1543","204","1400000US33009960500","Census Tract 9605, Grafton County, New Hampshire"
"4238","110","38","33","282","189","300","182","140","120","578","320","97","75","2803","362","1400000US33009960600","Census Tract 9606, Grafton County, New Hampshire"
"3199","350","150","84","104","65","137","87","193","171","92","44","45","24","2478","232","1400000US33009960700","Census Tract 9607, Grafton County, New Hampshire"
"4836","267","166","71","264","141","330","207","84","57","249","134","146","89","3597","285","1400000US33009960800","Census Tract 9608, Grafton County, New Hampshire"
"3237","217","119","36","63","26","56","29","175","126","65","30","76","51","2683","192","1400000US33009960900","Census Tract 9609, Grafton County, New Hampshire"
"5355","198","253","192","470","290","427","304","42","64","663","431","0","16","3500","679","1400000US33009961000","Census Tract 9610, Grafton County, New Hampshire"
"4176","356","232","145","396","212","292","170","261","120","410","183","160","118","2425","293","1400000US33009961100","Census Tract 9611, Grafton County, New Hampshire"
"4267","248","133","64","298","141","77","64","165","100","327","112","31","24","3236","258","1400000US33009961200","Census Tract 9612, Grafton County, New Hampshire"
"3609","250","133","60","176","53","106","53","82","39","169","77","40","26","2903","278","1400000US33009961300","Census Tract 9613, Grafton County, New Hampshire"
"3909","23","105","90","45","43","157","178","143","123","185","117","38","44","3236","250","1400000US33009961400","Census Tract 9614, Grafton County, New Hampshire"
"4544","17","44","46","136","111","29","47","290","377","138","102","56","71","3851","415","1400000US33009961500","Census Tract 9615, Grafton County, New Hampshire"
"2942","372","10","15","0","11","150","151","21","32","203","169","9","13","2549","344","1400000US33009961601","Census Tract 9616.01, Grafton County, New Hampshire"
"4439","403","498","288","119","102","81","76","23","30","233","170","47","69","3438","411","1400000US33009961602","Census Tract 9616.02, Grafton County, New Hampshire"
"7577","395","383","220","602","254","470","268","170","115","206","135","103","75","5643","487","1400000US33009961700","Census Tract 9617, Grafton County, New Hampshire"
"5832","401","468","247","57","60","62","58","91","88","106","94","192","125","4856","410","1400000US33009961800","Census Tract 9618, Grafton County, New Hampshire"
"2977","233","132","75","12","17","42","42","130","194","327","201","279","215","2055","276","1400000US33011000101","Census Tract 1.01, Hillsborough County, New Hampshire"
"4372","317","448","209","119","89","166","198","58","69","137","112","9","14","3435","262","1400000US33011000102","Census Tract 1.02, Hillsborough County, New Hampshire"
"2424","187","206","123","279","158","256","207","73","62","274","181","20","19","1316","231","1400000US33011000202","Census Tract 2.02, Hillsborough County, New Hampshire"
"3288","317","149","154","146","89","52","43","78","60","213","99","65","62","2585","343","1400000US33011000203","Census Tract 2.03, Hillsborough County, New Hampshire"
"5186","433","402","295","165","101","202","167","17","27","82","64","240","157","4078","499","1400000US33011000204","Census Tract 2.04, Hillsborough County, New Hampshire"
"2940","288","266","223","295","159","285","211","75","73","250","198","486","269","1283","293","1400000US33011000300","Census Tract 3, Hillsborough County, New Hampshire"
"2117","219","143","85","144","76","151","90","14","15","368","217","111","80","1186","219","1400000US33011000600","Census Tract 6, Hillsborough County, New Hampshire"
"2903","197","111","94","36","34","42","30","65","101","87","73","8","12","2554","231","1400000US33011000700","Census Tract 7, Hillsborough County, New Hampshire"
"1950","206","91","41","199","111","176","112","109","82","79","55","2","7","1294","212","1400000US33011000800","Census Tract 8, Hillsborough County, New Hampshire"
"3435","235","96","57","115","149","59","59","179","237","124","81","21","23","2841","362","1400000US33011000901","Census Tract 9.01, Hillsborough County, New Hampshire"
"5887","563","388","215","248","189","381","429","83","65","574","428","261","374","3952","613","1400000US33011000902","Census Tract 9.02, Hillsborough County, New Hampshire"
"5867","305","82","65","266","177","80","63","31","37","284","184","115","114","5009","409","1400000US33011001000","Census Tract 10, Hillsborough County, New Hampshire"
"5198","372","135","95","91","89","59","73","52","51","623","355","0","16","4238","528","1400000US33011001100","Census Tract 11, Hillsborough County, New Hampshire"
"1696","146","29","25","96","85","24","24","131","97","92","73","42","36","1282","185","1400000US33011001200","Census Tract 12, Hillsborough County, New Hampshire"
"3028","274","184","94","512","218","224","154","208","136","134","96","75","84","1691","356","1400000US33011001300","Census Tract 13, Hillsborough County, New Hampshire"
"2113","257","310","162","589","177","135","85","144","98","165","108","61","82","709","215","1400000US33011001400","Census Tract 14, Hillsborough County, New Hampshire"
"3175","340","446","247","491","257","341","165","340","200","519","222","161","131","877","206","1400000US33011001500","Census Tract 15, Hillsborough County, New Hampshire"
"4544","489","369","221","438","206","154","157","477","332","691","352","312","307","2103","458","1400000US33011001600","Census Tract 16, Hillsborough County, New Hampshire"
"2030","255","50","35","120","107","51","53","212","121","159","103","108","75","1330","272","1400000US33011001700","Census Tract 17, Hillsborough County, New Hampshire"
"5951","455","322","153","526","371","164","91","147","114","129","105","245","245","4418","507","1400000US33011001800","Census Tract 18, Hillsborough County, New Hampshire"
"3192","486","263","151","522","285","137","143","92","68","125","101","150","126","1903","493","1400000US33011001900","Census Tract 19, Hillsborough County, New Hampshire"
"2269","313","248","146","296","152","269","198","168","131","279","173","99","95","910","182","1400000US33011002000","Census Tract 20, Hillsborough County, New Hampshire"
"5261","487","158","135","783","308","313","222","226","130","640","336","154","147","2987","445","1400000US33011002100","Census Tract 21, Hillsborough County, New Hampshire"
"3279","359","69","59","388","361","130","109","123","104","153","102","144","178","2272","340","1400000US33011002200","Census Tract 22, Hillsborough County, New Hampshire"
"3768","417","110","75","530","334","118","112","82","53","153","71","79","79","2696","361","1400000US33011002300","Census Tract 23, Hillsborough County, New Hampshire"
"6923","369","667","330","722","287","355","178","558","389","307","181","166","175","4148","480","1400000US33011002400","Census Tract 24, Hillsborough County, New Hampshire"
"4850","697","293","337","96","97","110","96","85","90","117","102","156","112","3993","706","1400000US33011002500","Census Tract 25, Hillsborough County, New Hampshire"
"5642","276","73","53","52","49","77","117","110","98","191","172","80","73","5059","351","1400000US33011002600","Census Tract 26, Hillsborough County, New Hampshire"
"3611","207","102","94","0","11","18","27","6","9","11","18","33","52","3441","222","1400000US33011002701","Census Tract 27.01, Hillsborough County, New Hampshire"
"6083","332","122","85","200","233","81","60","119","104","148","120","23","36","5390","494","1400000US33011002702","Census Tract 27.02, Hillsborough County, New Hampshire"
"6137","338","245","199","347","224","218","221","105","71","544","377","76","72","4602","492","1400000US33011002800","Census Tract 28, Hillsborough County, New Hampshire"
"7749","375","89","86","158","151","21","25","46","38","348","266","121","159","6966","446","1400000US33011002901","Census Tract 29.01, Hillsborough County, New Hampshire"
"5802","268","35","42","90","86","35","55","257","245","71","63","16","25","5298","342","1400000US33011002902","Census Tract 29.02, Hillsborough County, New Hampshire"
"8355","318","48","58","189","209","12","21","0","16","0","16","16","25","8090","398","1400000US33011002903","Census Tract 29.03, Hillsborough County, New Hampshire"
"5195","262","109","126","100","80","48","41","42","55","154","76","28","27","4714","311","1400000US33011010100","Census Tract 101, Hillsborough County, New Hampshire"
"7165","390","236","114","167","112","362","281","55","47","264","170","283","338","5798","441","1400000US33011010200","Census Tract 102, Hillsborough County, New Hampshire"
"4562","347","75","41","183","125","40","41","18","20","51","32","24","28","4171","360","1400000US33011010301","Census Tract 103.01, Hillsborough County, New Hampshire"
"4344","242","90","67","117","69","80","74","326","176","174","160","0","11","3557","369","1400000US33011010302","Census Tract 103.02, Hillsborough County, New Hampshire"
"5059","487","39","47","340","379","115","86","0","16","119","103","180","178","4266","570","1400000US33011010400","Census Tract 104, Hillsborough County, New Hampshire"
"4024","394","556","259","358","149","168","128","81","80","438","201","65","62","2358","456","1400000US33011010500","Census Tract 105, Hillsborough County, New Hampshire"
"5553","499","364","304","484","237","528","331","333","195","217","174","85","91","3542","626","1400000US33011010600","Census Tract 106, Hillsborough County, New Hampshire"
"1525","156","227","100","219","108","210","116","171","121","150","107","95","67","453","125","1400000US33011010700","Census Tract 107, Hillsborough County, New Hampshire"
"8125","669","548","287","1580","692","325","305","521","318","651","409","85","91","4415","848","1400000US33011010800","Census Tract 108, Hillsborough County, New Hampshire"
"6304","439","185","157","217","146","217","313","400","421","324","199","13","22","4948","612","1400000US33011010900","Census Tract 109, Hillsborough County, New Hampshire"
"4490","300","207","203","53","45","63","45","34","36","363","190","89","99","3681","384","1400000US33011011000","Census Tract 110, Hillsborough County, New Hampshire"
"3458","272","254","298","52","55","180","166","68","51","68","40","71","61","2765","296","1400000US33011011101","Census Tract 111.01, Hillsborough County, New Hampshire"
"3517","311","294","160","134","70","8","15","119","71","85","59","63","47","2814","301","1400000US33011011102","Census Tract 111.02, Hillsborough County, New Hampshire"
"7093","384","129","112","155","119","20","32","0","16","132","124","99","94","6558","461","1400000US33011011200","Census Tract 112, Hillsborough County, New Hampshire"
"4259","246","89","73","135","100","27","33","38","46","140","147","184","134","3646","281","1400000US33011011300","Census Tract 113, Hillsborough County, New Hampshire"
"5352","384","15","25","81","84","111","119","30","34","196","140","0","16","4919","419","1400000US33011011401","Census Tract 114.01, Hillsborough County, New Hampshire"
"4921","232","64","63","96","88","51","58","173","109","84","61","115","86","4338","285","1400000US33011011402","Census Tract 114.02, Hillsborough County, New Hampshire"
"2337","141","113","81","38","43","36","30","27","30","165","115","38","32","1920","153","1400000US33011011500","Census Tract 115, Hillsborough County, New Hampshire"
"8382","382","48","57","54","49","84","81","47","57","228","232","110","121","7811","435","1400000US33011012100","Census Tract 121, Hillsborough County, New Hampshire"
"7439","362","386","296","328","312","58","70","199","167","218","131","213","182","6037","581","1400000US33011012200","Census Tract 122, Hillsborough County, New Hampshire"
"9292","438","115","118","84","95","26","42","0","16","64","60","70","57","8933","473","1400000US33011012300","Census Tract 123, Hillsborough County, New Hampshire"
"8566","22","19","30","24","38","47","45","31","34","82","59","43","51","8320","94","1400000US33011013100","Census Tract 131, Hillsborough County, New Hampshire"
"5852","286","178","153","470","311","140","96","122","86","459","280","150","130","4333","583","1400000US33011014100","Census Tract 141, Hillsborough County, New Hampshire"
"5736","249","72","43","22","31","14","19","0","16","68","70","19","30","5541","268","1400000US33011014201","Census Tract 142.01, Hillsborough County, New Hampshire"
"6221","274","103","109","8","15","294","319","88","108","53","57","75","124","5600","469","1400000US33011014202","Census Tract 142.02, Hillsborough County, New Hampshire"
"8004","244","133","98","22","31","22","33","136","117","43","48","32","37","7616","287","1400000US33011014300","Census Tract 143, Hillsborough County, New Hampshire"
"5210","268","44","35","89","111","87","90","182","165","53","40","8","15","4747","338","1400000US33011015100","Census Tract 151, Hillsborough County, New Hampshire"
"6049","257","79","86","0","16","60","89","119","84","116","98","9","14","5666","330","1400000US33011015200","Census Tract 152, Hillsborough County, New Hampshire"
"3380","241","42","35","30","23","63","97","35","33","173","146","10","15","3027","278","1400000US33011016100","Census Tract 161, Hillsborough County, New Hampshire"
"6819","379","78","70","423","229","131","99","500","347","372","264","107","74","5208","517","1400000US33011016201","Census Tract 162.01, Hillsborough County, New Hampshire"
"5324","296","92","68","11","14","59","46","20","22","303","266","48","50","4791","401","1400000US33011016202","Census Tract 162.02, Hillsborough County, New Hampshire"
"7917","23","40","44","105","78","181","181","16","27","67","65","210","247","7298","324","1400000US33011017100","Census Tract 171, Hillsborough County, New Hampshire"
"5348","30","17","20","30","36","0","16","26","31","77","103","18","31","5180","127","1400000US33011018000","Census Tract 180, Hillsborough County, New Hampshire"
"2061","284","38","28","89","57","138","177","112","81","113","74","30","41","1541","265","1400000US33011018501","Census Tract 185.01, Hillsborough County, New Hampshire"
"1530","100","22","16","46","36","0","11","28","28","109","76","10","15","1315","104","1400000US33011018502","Census Tract 185.02, Hillsborough County, New Hampshire"
"3751","20","8","13","87","69","143","136","10","16","138","109","46","60","3319","242","1400000US33011019000","Census Tract 190, Hillsborough County, New Hampshire"
"1701","126","51","36","11","16","12","15","3","6","57","34","36","26","1531","137","1400000US33011019501","Census Tract 195.01, Hillsborough County, New Hampshire"
"2576","19","37","31","83","93","10","15","73","75","95","87","0","11","2278","133","1400000US33011019502","Census Tract 195.02, Hillsborough County, New Hampshire"
"5711","25","23","24","47","44","35","41","39","36","150","124","106","89","5311","177","1400000US33011020000","Census Tract 200, Hillsborough County, New Hampshire"
"9031","18","125","139","438","296","0","16","185","164","121","105","286","334","7876","470","1400000US33011021000","Census Tract 210, Hillsborough County, New Hampshire"
"4967","232","132","73","169","64","105","74","172","84","320","107","120","81","3949","258","1400000US33011021500","Census Tract 215, Hillsborough County, New Hampshire"
"1852","131","55","28","82","59","42","40","75","44","60","36","74","75","1464","150","1400000US33011022000","Census Tract 220, Hillsborough County, New Hampshire"
"6996","234","189","98","195","114","66","61","58","32","435","247","311","247","5742","385","1400000US33011022500","Census Tract 225, Hillsborough County, New Hampshire"
"6439","57","170","112","283","194","131","129","172","160","198","147","186","155","5299","389","1400000US33011023000","Census Tract 230, Hillsborough County, New Hampshire"
"1747","109","21","22","16","15","22","20","52","37","32","21","34","35","1570","130","1400000US33011024000","Census Tract 240, Hillsborough County, New Hampshire"
"2664","46","88","72","90","62","174","114","42","35","59","48","95","85","2116","169","1400000US33011025000","Census Tract 250, Hillsborough County, New Hampshire"
"6144","117","141","134","215","184","178","190","253","169","264","191","258","324","4835","459","1400000US33011025500","Census Tract 255, Hillsborough County, New Hampshire"
"4770","297","16","25","59","52","76","50","120","146","57","55","32","39","4410","339","1400000US33011200100","Census Tract 2001, Hillsborough County, New Hampshire"
"4412","241","31","29","70","89","73","110","23","36","105","90","155","230","3955","339","1400000US33011200200","Census Tract 2002, Hillsborough County, New Hampshire"
"4538","252","51","69","17","27","21","17","60","64","83","66","62","72","4244","278","1400000US33011200300","Census Tract 2003, Hillsborough County, New Hampshire"
"3031","378","453","214","430","159","213","154","36","29","202","144","93","84","1604","354","1400000US33011200400","Census Tract 2004, Hillsborough County, New Hampshire"
"0","11","0","11","0","11","0","11","0","11","0","11","0","11","0","11","1400000US33011980101","Census Tract 9801.01, Hillsborough County, New Hampshire"
"3892","240","96","69","85","61","60","54","70","58","131","105","35","37","3415","270","1400000US33013003001","Census Tract 30.01, Merrimack County, New Hampshire"
"3393","192","75","59","62","54","143","135","14","22","141","97","83","68","2875","292","1400000US33013003006","Census Tract 30.06, Merrimack County, New Hampshire"
"4316","79","239","176","225","133","202","95","357","236","143","96","157","147","2993","336","1400000US33013003100","Census Tract 31, Merrimack County, New Hampshire"
"7084","108","162","124","142","167","262","180","54","66","145","98","318","247","6001","334","1400000US33013003200","Census Tract 32, Merrimack County, New Hampshire"
"2813","27","15","16","16","15","0","11","99","74","83","46","31","46","2569","98","1400000US33013030000","Census Tract 300, Merrimack County, New Hampshire"
"3922","212","54","74","82","90","16","25","11","17","136","117","16","26","3607","251","1400000US33013031001","Census Tract 310.01, Merrimack County, New Hampshire"
"3932","214","28","26","10","16","39","40","28","23","28","27","13","19","3786","231","1400000US33013031002","Census Tract 310.02, Merrimack County, New Hampshire"
"3458","233","15","20","50","38","37","43","63","92","120","99","83","121","3090","224","1400000US33013032100","Census Tract 321, Merrimack County, New Hampshire"
"2466","234","182","93","340","139","37","42","62","81","149","90","114","121","1582","238","1400000US33013032200","Census Tract 322, Merrimack County, New Hampshire"
"1657","156","99","57","166","93","72","35","74","42","128","71","48","39","1070","170","1400000US33013032300","Census Tract 323, Merrimack County, New Hampshire"
"2995","205","175","82","362","166","200","108","112","71","294","137","79","68","1773","275","1400000US33013032400","Census Tract 324, Merrimack County, New Hampshire"
"3552","483","160","137","121","174","7","11","103","94","40","58","191","235","2930","258","1400000US33013032500","Census Tract 325, Merrimack County, New Hampshire"
"2325","268","59","64","0","11","18","19","20","18","83","70","190","179","1955","314","1400000US33013032600","Census Tract 326, Merrimack County, New Hampshire"
"1490","166","27","26","13","16","55","54","116","80","142","98","63","61","1074","201","1400000US33013032701","Census Tract 327.01, Merrimack County, New Hampshire"
"4030","245","113","70","160","97","47","57","90","68","87","77","127","95","3406","230","1400000US33013032706","Census Tract 327.06, Merrimack County, New Hampshire"
"5301","389","88","92","24","36","0","16","20","34","229","172","105","94","4835","433","1400000US33013032800","Census Tract 328, Merrimack County, New Hampshire"
"4753","348","308","245","656","280","135","115","274","185","166","96","3","8","3211","391","1400000US33013032900","Census Tract 329, Merrimack County, New Hampshire"
"2662","29","123","113","24","24","48","41","77","67","155","107","62","41","2173","162","1400000US33013033000","Census Tract 330, Merrimack County, New Hampshire"
"4612","122","74","68","101","93","88","63","138","116","185","85","26","28","4000","252","1400000US33013034000","Census Tract 340, Merrimack County, New Hampshire"
"3923","256","386","422","128","80","189","112","100","103","456","343","32","40","2632","395","1400000US33013035000","Census Tract 350, Merrimack County, New Hampshire"
"5505","51","284","222","93","88","45","33","77","124","458","309","114","112","4434","344","1400000US33013036000","Census Tract 360, Merrimack County, New Hampshire"
"2348","146","59","27","23","22","95","60","31","24","160","132","31","27","1949","181","1400000US33013037000","Census Tract 370, Merrimack County, New Hampshire"
"3389","190","58","45","59","50","23","26","125","98","174","130","89","121","2861","286","1400000US33013038000","Census Tract 380, Merrimack County, New Hampshire"
"4500","215","148","55","154","66","76","38","137","87","125","56","75","42","3785","244","1400000US33013038500","Census Tract 385, Merrimack County, New Hampshire"
"5614","85","36","41","174","110","73","98","33","76","121","97","62","81","5115","243","1400000US33013039000","Census Tract 390, Merrimack County, New Hampshire"
"4473","142","330","205","113","71","192","151","58","58","139","124","21","34","3620","309","1400000US33013040000","Census Tract 400, Merrimack County, New Hampshire"
"5577","259","64","62","37","19","97","66","121","80","198","82","197","133","4863","263","1400000US33013040500","Census Tract 405, Merrimack County, New Hampshire"
"3363","191","32","30","96","70","58","64","16","19","105","74","0","11","3056","210","1400000US33013041000","Census Tract 410, Merrimack County, New Hampshire"
"3662","227","80","41","105","88","128","55","112","72","127","56","87","46","3023","230","1400000US33013041500","Census Tract 415, Merrimack County, New Hampshire"
"4204","279","247","187","114","84","60","61","55","45","150","63","211","145","3367","222","1400000US33013042500","Census Tract 425, Merrimack County, New Hampshire"
"3911","307","146","127","276","214","164","79","326","150","240","205","82","62","2677","391","1400000US33013043001","Census Tract 430.01, Merrimack County, New Hampshire"
"4550","304","267","167","65","55","109","78","206","119","507","285","59","59","3337","391","1400000US33013043002","Census Tract 430.02, Merrimack County, New Hampshire"
"4809","89","51","50","226","194","291","207","149","145","327","196","49","45","3716","324","1400000US33013044000","Census Tract 440, Merrimack County, New Hampshire"
"3919","278","266","132","97","84","145","96","258","150","566","259","275","333","2312","331","1400000US33013044100","Census Tract 441, Merrimack County, New Hampshire"
"6142","275","128","129","88","73","165","143","139","146","137","96","178","171","5307","379","1400000US33013044200","Census Tract 442, Merrimack County, New Hampshire"
"4601","255","77","53","110","71","154","114","128","74","389","205","122","89","3621","389","1400000US33013044300","Census Tract 443, Merrimack County, New Hampshire"
"4394","227","66","54","31","33","2","4","127","141","146","131","0","11","4022","278","1400000US33015003301","Census Tract 33.01, Rockingham County, New Hampshire"
"5020","289","317","275","146","116","92","66","38","38","123","91","35","33","4269","388","1400000US33015003302","Census Tract 33.02, Rockingham County, New Hampshire"
"5097","340","273","204","257","130","194","124","144","127","349","241","245","168","3635","485","1400000US33015003400","Census Tract 34, Rockingham County, New Hampshire"
"5777","435","605","347","183","111","340","333","114","82","346","258","128","116","4061","537","1400000US33015003500","Census Tract 35, Rockingham County, New Hampshire"
"6662","417","650","463","116","115","51","49","92","85","161","160","343","299","5249","490","1400000US33015003601","Census Tract 36.01, Rockingham County, New Hampshire"
"6162","381","33","30","18","19","136","141","55","69","23","38","9","16","5888","436","1400000US33015003602","Census Tract 36.02, Rockingham County, New Hampshire"
"4034","239","28","43","30","35","41","53","30","22","196","183","29","35","3680","252","1400000US33015003701","Census Tract 37.01, Rockingham County, New Hampshire"
"5626","308","52","43","19","30","0","16","75","76","171","164","109","164","5200","385","1400000US33015003703","Census Tract 37.03, Rockingham County, New Hampshire"
"4115","192","16","26","20","31","0","11","8","13","96","92","19","32","3956","193","1400000US33015003801","Census Tract 38.01, Rockingham County, New Hampshire"
"4345","188","70","68","60","57","14","20","11","17","102","76","10","14","4078","224","1400000US33015003802","Census Tract 38.02, Rockingham County, New Hampshire"
"4429","260","35","42","108","119","29","28","92","57","212","135","170","151","3783","234","1400000US33015003901","Census Tract 39.01, Rockingham County, New Hampshire"
"3336","213","38","31","115","139","19","28","105","100","5","11","26","33","3028","256","1400000US33015003902","Census Tract 39.02, Rockingham County, New Hampshire"
"5446","21","68","62","9","13","42","48","85","81","31","35","38","43","5173","120","1400000US33015004000","Census Tract 40, Rockingham County, New Hampshire"
"3936","18","36","35","137","75","10","15","77","49","28","42","171","142","3477","157","1400000US33015050000","Census Tract 500, Rockingham County, New Hampshire"
"5082","42","47","32","89","80","21","23","63","87","150","109","12","18","4700","153","1400000US33015051000","Census Tract 510, Rockingham County, New Hampshire"
"6389","17","40","42","103","127","139","210","189","215","216","193","217","207","5485","422","1400000US33015052000","Census Tract 520, Rockingham County, New Hampshire"
"4515","29","73","63","31","32","66","100","152","160","252","156","43","45","3898","218","1400000US33015053000","Census Tract 530, Rockingham County, New Hampshire"
"4613","86","61","52","20","23","9","15","17","18","72","62","8","12","4426","134","1400000US33015054000","Census Tract 540, Rockingham County, New Hampshire"
"6225","300","258","253","76","55","313","200","67","69","201","230","391","299","4919","434","1400000US33015055001","Census Tract 550.01, Rockingham County, New Hampshire"
"4165","301","197","104","248","154","102","74","164","131","256","198","36","36","3162","385","1400000US33015055002","Census Tract 550.02, Rockingham County, New Hampshire"
"4460","38","127","135","143","71","45","58","103","137","66","61","25","28","3951","195","1400000US33015056000","Census Tract 560, Rockingham County, New Hampshire"
"4299","18","37","41","169","101","61","63","139","110","80","62","19","20","3794","162","1400000US33015057000","Census Tract 570, Rockingham County, New Hampshire"
"5041","28","44","42","208","176","119","75","67","50","42","51","60","51","4501","214","1400000US33015058000","Census Tract 580, Rockingham County, New Hampshire"
"6966","22","300","204","71","71","18","30","284","171","558","415","135","110","5600","480","1400000US33015059000","Census Tract 590, Rockingham County, New Hampshire"
"4337","130","32","31","87","67","48","44","93","82","69","77","27","44","3981","174","1400000US33015060000","Census Tract 600, Rockingham County, New Hampshire"
"6737","299","151","119","116","93","92","88","160","146","132","72","50","53","6036","323","1400000US33015061001","Census Tract 610.01, Rockingham County, New Hampshire"
"2432","196","71","61","63","53","5","9","6","9","52","47","97","93","2138","161","1400000US33015062000","Census Tract 620, Rockingham County, New Hampshire"
"3049","148","61","25","16","11","25","19","34","23","150","70","40","25","2723","147","1400000US33015062500","Census Tract 625, Rockingham County, New Hampshire"
"3811","283","78","52","176","115","54","55","96","69","127","76","21","24","3259","326","1400000US33015063001","Census Tract 630.01, Rockingham County, New Hampshire"
"4995","283","60","60","105","87","165","157","138","118","170","122","327","247","4030","384","1400000US33015063002","Census Tract 630.02, Rockingham County, New Hampshire"
"2383","164","68","90","17","27","0","11","5","7","42","34","0","11","2251","174","1400000US33015064000","Census Tract 640, Rockingham County, New Hampshire"
"7779","294","158","79","189","140","158","117","80","56","215","194","152","166","6827","344","1400000US33015065001","Census Tract 650.01, Rockingham County, New Hampshire"
"2625","256","21","24","94","70","10","18","84","60","38","30","161","238","2217","207","1400000US33015065005","Census Tract 650.05, Rockingham County, New Hampshire"
"1508","121","21","16","20","14","42","63","21","17","68","67","8","13","1328","140","1400000US33015065006","Census Tract 650.06, Rockingham County, New Hampshire"
"1531","129","0","11","24","26","5","7","33","31","44","29","17","15","1408","123","1400000US33015065007","Census Tract 650.07, Rockingham County, New Hampshire"
"1960","278","99","63","67","50","56","43","130","154","222","221","143","118","1243","270","1400000US33015065008","Census Tract 650.08, Rockingham County, New Hampshire"
"4447","22","221","136","42","31","88","89","61","49","94","57","53","43","3888","184","1400000US33015066000","Census Tract 660, Rockingham County, New Hampshire"
"7427","21","112","90","14","23","164","190","10","17","112","110","0","16","7015","235","1400000US33015067000","Census Tract 670, Rockingham County, New Hampshire"
"7223","305","204","118","211","133","102","83","237","206","267","147","194","220","6008","404","1400000US33015067501","Census Tract 675.01, Rockingham County, New Hampshire"
"3509","273","148","91","101","67","96","52","201","125","216","159","45","49","2702","256","1400000US33015067502","Census Tract 675.02, Rockingham County, New Hampshire"
"3791","230","87","48","152","107","74","63","38","48","124","87","40","49","3276","253","1400000US33015069100","Census Tract 691, Rockingham County, New Hampshire"
"2802","245","88","47","28","26","32","20","27","27","57","35","40","40","2530","248","1400000US33015069200","Census Tract 692, Rockingham County, New Hampshire"
"2107","184","117","82","37","41","7","12","0","11","36","26","8","14","1902","195","1400000US33015069300","Census Tract 693, Rockingham County, New Hampshire"
"2947","206","63","39","47","46","31","30","12","11","108","95","58","49","2628","210","1400000US33015069700","Census Tract 697, Rockingham County, New Hampshire"
"5410","90","122","114","115","125","0","16","101","101","38","44","120","134","4914","286","1400000US33015071000","Census Tract 710, Rockingham County, New Hampshire"
"6193","500","66","88","81","93","0","16","126","97","246","203","64","64","5610","553","1400000US33015100100","Census Tract 1001, Rockingham County, New Hampshire"
"5905","295","214","206","263","213","68","85","44","43","252","284","42","44","5022","458","1400000US33015100200","Census Tract 1002, Rockingham County, New Hampshire"
"4380","268","43","31","22","23","28","26","94","68","28","23","110","78","4055","298","1400000US33015100301","Census Tract 1003.01, Rockingham County, New Hampshire"
"4796","312","34","27","279","206","27","30","13","15","182","160","328","231","3933","428","1400000US33015100302","Census Tract 1003.02, Rockingham County, New Hampshire"
"7757","520","200","134","141","126","316","171","93","91","125","86","171","152","6711","635","1400000US33015100400","Census Tract 1004, Rockingham County, New Hampshire"
"7628","77","174","132","139","132","238","213","56","73","108","101","66","60","6847","318","1400000US33015101100","Census Tract 1011, Rockingham County, New Hampshire"
"4920","22","62","40","117","70","37","29","53","49","143","118","70","77","4438","175","1400000US33015102100","Census Tract 1021, Rockingham County, New Hampshire"
"6897","74","97","116","52","48","62","66","0","16","218","152","0","16","6468","238","1400000US33015103100","Census Tract 1031, Rockingham County, New Hampshire"
"4617","187","55","53","151","201","99","105","184","179","195","193","45","53","3888","297","1400000US33015104101","Census Tract 1041.01, Rockingham County, New Hampshire"
"3975","181","126","67","32","36","129","140","0","11","120","90","189","196","3379","264","1400000US33015104102","Census Tract 1041.02, Rockingham County, New Hampshire"
"6260","29","19","30","490","240","66","67","164","116","273","203","97","134","5151","332","1400000US33015105100","Census Tract 1051, Rockingham County, New Hampshire"
"7476","358","14","21","40","50","107","146","391","399","93","82","16","26","6815","448","1400000US33015106101","Census Tract 1061.01, Rockingham County, New Hampshire"
"7006","361","45","52","0","16","23","37","77","84","95","100","189","211","6577","386","1400000US33015106102","Census Tract 1061.02, Rockingham County, New Hampshire"
"3952","242","201","100","263","147","89","68","206","145","162","90","25","29","3006","262","1400000US33015106200","Census Tract 1062, Rockingham County, New Hampshire"
"4191","241","91","85","25","33","48","44","162","149","287","216","21","25","3557","310","1400000US33015106400","Census Tract 1064, Rockingham County, New Hampshire"
"2475","259","129","100","255","150","227","174","43","32","77","79","11","17","1733","289","1400000US33015107100","Census Tract 1071, Rockingham County, New Hampshire"
"6437","255","140","127","220","122","215","157","147","112","194","122","0","16","5521","304","1400000US33015107200","Census Tract 1072, Rockingham County, New Hampshire"
"1088","79","0","11","34","42","33","30","20","20","26","20","14","21","961","97","1400000US33015107400","Census Tract 1074, Rockingham County, New Hampshire"
"4722","92","126","96","75","50","29","24","81","67","8","7","31","36","4372","163","1400000US33015107500","Census Tract 1075, Rockingham County, New Hampshire"
"0","11","0","11","0","11","0","11","0","11","0","11","0","11","0","11","1400000US33015980011","Census Tract 9800.11, Rockingham County, New Hampshire"
"0","11","0","11","0","11","0","11","0","11","0","11","0","11","0","11","1400000US33015990000","Census Tract 9900, Rockingham County, New Hampshire"
"2769","312","190","160","97","87","25","29","0","11","118","97","0","11","2339","250","1400000US33017080100","Census Tract 801, Strafford County, New Hampshire"
"2589","282","422","178","187","125","71","63","13","17","44","36","32","35","1820","270","1400000US33017080202","Census Tract 802.02, Strafford County, New Hampshire"
"1544","225","407","142","241","88","32","28","31","30","75","49","23","20","735","100","1400000US33017080203","Census Tract 802.03, Strafford County, New Hampshire"
"1612","305","470","225","291","114","41","51","13","19","92","68","0","16","705","173","1400000US33017080204","Census Tract 802.04, Strafford County, New Hampshire"
"6385","157","73","73","26","25","64","79","314","211","6","7","52","35","5850","300","1400000US33017080500","Census Tract 805, Strafford County, New Hampshire"
"6907","432","233","188","516","294","177","141","373","250","70","74","56","55","5482","473","1400000US33017081100","Census Tract 811, Strafford County, New Hampshire"
"4930","393","161","139","182","146","18","29","68","81","25","28","77","94","4399","347","1400000US33017081200","Census Tract 812, Strafford County, New Hampshire"
"4709","441","360","178","361","182","62","57","297","311","302","147","156","115","3171","432","1400000US33017081300","Census Tract 813, Strafford County, New Hampshire"
"2036","165","27","32","188","136","54","40","54","47","193","100","124","94","1396","178","1400000US33017081400","Census Tract 814, Strafford County, New Hampshire"
"5530","388","190","130","498","262","213","121","107","87","248","154","90","69","4184","476","1400000US33017081500","Census Tract 815, Strafford County, New Hampshire"
"6352","407","138","88","176","87","132","160","72","55","133","99","0","16","5701","435","1400000US33017081600","Census Tract 816, Strafford County, New Hampshire"
"2567","21","108","74","64","38","6","9","47","34","116","69","43","39","2183","128","1400000US33017082000","Census Tract 820, Strafford County, New Hampshire"
"7009","431","499","387","234","148","362","200","154","138","285","208","73","95","5402","559","1400000US33017083001","Census Tract 830.01, Strafford County, New Hampshire"
"4847","441","132","112","180","158","126","108","34","38","162","106","57","65","4156","430","1400000US33017083002","Census Tract 830.02, Strafford County, New Hampshire"
"4788","335","28","33","253","124","261","247","99","145","332","228","161","189","3654","416","1400000US33017084100","Census Tract 841, Strafford County, New Hampshire"
"7660","478","321","429","435","303","492","377","189","138","383","198","147","147","5693","622","1400000US33017084200","Census Tract 842, Strafford County, New Hampshire"
"6691","513","262","141","476","231","579","355","321","275","527","201","381","329","4145","564","1400000US33017084300","Census Tract 843, Strafford County, New Hampshire"
"4156","283","383","176","268","167","113","57","281","242","276","146","188","181","2647","413","1400000US33017084400","Census Tract 844, Strafford County, New Hampshire"
"4322","323","41","36","443","292","169","152","52","49","310","253","113","98","3194","392","1400000US33017084500","Census Tract 845, Strafford County, New Hampshire"
"3014","324","210","229","65","44","27","25","192","210","57","39","33","26","2430","333","1400000US33017084600","Census Tract 846, Strafford County, New Hampshire"
"9063","31","219","181","102","82","101","143","48","52","208","169","126","110","8259","287","1400000US33017085000","Census Tract 850, Strafford County, New Hampshire"
"4140","18","59","64","25","26","12","17","142","200","324","167","127","142","3451","246","1400000US33017086000","Census Tract 860, Strafford County, New Hampshire"
"6877","67","415","179","249","216","168","182","467","356","411","261","144","109","5023","526","1400000US33017087000","Census Tract 870, Strafford County, New Hampshire"
"4597","40","67","41","78","78","90","75","321","223","123","110","131","171","3787","290","1400000US33017088000","Census Tract 880, Strafford County, New Hampshire"
"4463","162","142","71","129","62","88","49","105","51","185","90","53","32","3761","222","1400000US33017088500","Census Tract 885, Strafford County, New Hampshire"
"4193","280","122","68","185","176","190","257","64","55","152","70","70","67","3410","303","1400000US33019975100","Census Tract 9751, Sullivan County, New Hampshire"
"4883","305","108","83","99","75","65","51","73","73","133","98","11","9","4394","323","1400000US33019975200","Census Tract 9752, Sullivan County, New Hampshire"
"3449","19","228","166","59","65","47","67","33","33","276","147","55","58","2751","262","1400000US33019975300","Census Tract 9753, Sullivan County, New Hampshire"
"6246","55","378","288","387","259","306","181","365","195","603","394","166","147","4041","504","1400000US33019975400","Census Tract 9754, Sullivan County, New Hampshire"
"2797","230","89","31","123","52","58","33","101","48","96","35","36","23","2294","222","1400000US33019975500","Census Tract 9755, Sullivan County, New Hampshire"
"2925","220","86","37","205","115","33","21","51","32","220","77","48","32","2282","210","1400000US33019975600","Census Tract 9756, Sullivan County, New Hampshire"
"5007","25","366","180","387","311","126","100","162","126","559","343","205","188","3202","497","1400000US33019975700","Census Tract 9757, Sullivan County, New Hampshire"
"5067","361","270","202","484","295","82","65","84","70","265","123","304","205","3578","463","1400000US33019975800","Census Tract 9758, Sullivan County, New Hampshire"
"4402","391","299","179","211","131","254","194","221","207","237","134","170","124","3010","528","1400000US33019975901","Census Tract 9759.01, Sullivan County, New Hampshire"
"3412","325","520","284","333","224","476","280","358","192","189","116","25","27","1511","311","1400000US33019975902","Census Tract 9759.02, Sullivan County, New Hampshire"
"1305013","569","45422","2451","53260","2703","34902","2056","35701","2281","57657","2869","27266","1848","1050805","5866","0400000US33","New Hampshire"
